id,combined_score,phenomenological_authenticity,aesthetic_virtuosity,affective_force,literary_innovation,first_line
01d51f21-663a-4a1a-8fb9-304285843e64,0.6295000000000001,0.67,0.61,0.64,0.52,"Dear Leyi,"
2cc4dc58-7f5b-4555-a951-d854a7b09ad3,0.6970000000000001,0.71,0.68,0.73,0.62,"Dear Leyi,"
30719fb7-a7dd-4305-bb75-78394a0ff47b,0.6795,0.71,0.68,0.66,0.62,"Dear Leyi,"
34a02bb6-5b97-4b37-8079-cdad8c1fcbe5,0.6495000000000001,0.67,0.64,0.66,0.58,"Dear Leyi,"
562f2ff2-eca8-4605-a136-436210be768e,0.6995,0.71,0.68,0.74,0.62,"Dear Leyi,"
77a6893a-81bf-41ed-8666-fd68417b06fc,0.5145,0.58,0.51,0.49,0.36,"Dear Leyi,"
7fb71f1d-30e0-409e-93e1-aeca95127bb0,0.642,0.71,0.58,0.67,0.52,"Dear Leyi,"
e685a6c9-b5b4-4e0c-81de-4e7bb307fa56,0.677,0.71,0.68,0.69,0.52,"Dear Leyi,"
fca878ab-90ee-4a04-855e-76c6482b7a82,0.687,0.71,0.68,0.73,0.52,"Dear Leyi,"
